FileName,
01qvVWv8Xg.jpg.jpeg,F
02Um3N8mE7.jpg.jpeg,F
06DJU6tDdg.jpg.jpeg,F
06LPlzRyZn.jpg.jpeg,F
07mTfzgwSg.jpg.jpeg,F
087rzRVkG8.jpg.jpeg,F
0Bps4Ev2x4.jpg.jpeg,F
0ekBPN7BTR.jpg.jpeg,F
0F61Z4Omj0.jpg.jpeg,F
0GasiXyhQi.jpg.jpeg,F
0h1S0MlPDM.jpg.jpeg,F
0jxbet4ryX.jpg.jpeg,F
0n2OoWBuXw.jpg.jpeg,F
0oZgT0HM7G.jpg.jpeg,F
0PgsuOuHIq.jpg.jpeg,F
0Ppv17YSNW.jpg.jpeg,F
0TpGLBlOgc.jpg.jpeg,F
0uIaPDwY6J.jpg.jpeg,F
0X5fNhhMnm.jpg.jpeg,F
0XTWWDiCdO.jpg.jpeg,F
0yb7jeW9kI.jpg.jpeg,F
0yZ8wSgMAG.jpg.jpeg,F
11bjjeTUll.jpg.jpeg,F
15hMH0m7yd.jpg.jpeg,F
15lUsplibD.jpg.jpeg,F
18r9GON7Xg.jpg.jpeg,F
19yMIjBmvM.jpg.jpeg,F
1DSSs11gnK.jpg.jpeg,F
1FvQeD0KiP.jpg.jpeg,F
1GnQpMrvBs.jpg.jpeg,F
1gPhg4OSr4.jpg.jpeg,F
1i7DnogPsf.jpg.jpeg,F
1LH2s2Axbn.jpg.jpeg,F
1MPs0tZ37k.jpg.jpeg,F
1MU5nvJKfy.jpg.jpeg,F
1OdUIL01Ps.jpg.jpeg,F
1pihrdvWpE.jpg.jpeg,F
1UCQO9IgLt.jpg.jpeg,F
1vVwh7WdTa.jpg.jpeg,F
1wv8zvH7Wb.jpg.jpeg,F
23wRF9Kueb.jpg.jpeg,F
273Vj7lVix.jpg.jpeg,F
27JdIrFUE4.jpg.jpeg,F
2CGeFMaxeZ.jpg.jpeg,F
2DBDK0HjXi.jpg.jpeg,F
2dgr64Oqsy.jpg.jpeg,F
2DHLQihkVd.jpg.jpeg,F
2e8yQ0hUqk.jpg.jpeg,F
2ewkdBT6Gp.jpg.jpeg,F
2HbyxNAIBM.jpg.jpeg,F
2hNiShzi9Y.jpg.jpeg,F
2ih0DFqhbf.jpg.jpeg,F
2lb4vKiT9r.jpg.jpeg,F
2ncfQmbHoy.jpg.jpeg,F
2nuc2UBYXd.jpg.jpeg,F
2p7Ud6SM55.jpg.jpeg,F
2PsmcizkYo.jpg.jpeg,F
2rTiUaBdGU.jpg.jpeg,F
2rw3icWTC1.jpg.jpeg,F
2UpZp7nUpS.jpg.jpeg,F
2VSPQTxm8D.jpg.jpeg,F
2VzGSTn2rH.jpg.jpeg,F
2wp2O1XVLg.jpg.jpeg,F
2XAU9uzTdc.jpg.jpeg,F
310U00Rtwu.jpg.jpeg,F
33dd7mPs1t.jpg.jpeg,F
36kHMmhkZZ.jpg.jpeg,F
3AFiPAZgOe.jpg.jpeg,F
3BBzj1tzR1.jpg.jpeg,F
3EzYGcLToW.jpg.jpeg,F
3JUJEiliCm.jpg.jpeg,F
3M4daEcTLs.jpg.jpeg,F
3nXyU1sknX.jpg.jpeg,F
3r0xqpYJJo.jpg.jpeg,F
3tAMn7LioB.jpg.jpeg,F
3UnWYTQN2t.jpg.jpeg,F
3wdQsptmgM.jpg.jpeg,F
3weULVXhJ8.jpg.jpeg,F
3xBcmBKtjG.jpg.jpeg,F
3XhHnt0Qpe.jpg.jpeg,F
3YrE85nNRD.jpg.jpeg,F
43iCLxbeo7.jpg.jpeg,F
48hPKQCYFW.jpg.jpeg,F
4AMouLLVsQ.jpg.jpeg,F
4GZqtZcago.jpg.jpeg,F
4M1ALd2yIi.jpg.jpeg,F
4Mp51YZEEN.jpg.jpeg,F
4MShcIoDLa.jpg.jpeg,F
4mSYeaScDo.jpg.jpeg,F
4My6jrTFBA.jpg.jpeg,F
4N8JXxZPlw.jpg.jpeg,F
4nafG6tETt.jpg.jpeg,F
4NfVYXVVKE.jpg.jpeg,F
4NtzcuPBYq.jpg.jpeg,F
4pCSP8VYZE.jpg.jpeg,F
4PCZPCRoKy.jpg.jpeg,F
4QQPQKmvDk.jpg.jpeg,F
4SMjtK04ar.jpg.jpeg,F
4unCvXiSyf.jpg.jpeg,F
4v9AyUqbeV.jpg.jpeg,F
4voRrXbr24.jpg.jpeg,F
4WE0wiSh7V.jpg.jpeg,F
4Y4AZihn72.jpg.jpeg,F
54UR1Xp7QF.jpg.jpeg,F
56mzyrbqxo.jpg.jpeg,F
58dj3CxAH8.jpg.jpeg,F
5aQpCgwnRq.jpg.jpeg,F
5DvcLQmddI.jpg.jpeg,F
5Dx8Nlk6sL.jpg.jpeg,F
5ew0CKMGqh.jpg.jpeg,F
5FkeF5oiBq.jpg.jpeg,F
5FMAgq2fey.jpg.jpeg,F
5GKnk9PZn2.jpg.jpeg,F
5HKTpEEba3.jpg.jpeg,F
5pbiujdTxF.jpg.jpeg,F
5rIUi7Idnw.jpg.jpeg,F
5uUpuOjfxZ.jpg.jpeg,F
5yWHDxNi2t.jpg.jpeg,F
66E18Ra3pJ.jpg.jpeg,F
67WM1ydYgb.jpg.jpeg,F
68101CA2mB.jpg.jpeg,F
68TlVHbDMT.jpg.jpeg,F
6ApE4HU6do.jpg.jpeg,F
6aS1U0jYuu.jpg.jpeg,F
6bXM4yeDl9.jpg.jpeg,F
6eRFo6oD3V.jpg.jpeg,F
6EZQWSYUgB.jpg.jpeg,F
6G2sNeB6TV.jpg.jpeg,F
6GRLPPgUWL.jpg.jpeg,F
6H5B9tPrs2.jpg.jpeg,F
6HxxGFhEav.jpg.jpeg,F
6IYJSYeEUu.jpg.jpeg,F
6nOKkdLKHq.jpg.jpeg,F
6Slo4iOyhX.jpg.jpeg,F
6VsA0yWxL8.jpg.jpeg,F
6YWow9Lm3i.jpg.jpeg,F
6Z4Ms6O2Ns.jpg.jpeg,F
76SCHnRmuL.jpg.jpeg,F
78ZbdPTRg2.jpg.jpeg,F
79EkIRBFli.jpg.jpeg,F
7askPK8H5O.jpg.jpeg,F
7bzcddFBPq.jpg.jpeg,F
7ccakIk2ev.jpg.jpeg,F
7CUW7pyX5t.jpg.jpeg,F
7He6LLPKG0.jpg.jpeg,F
7HouP3LjAv.jpg.jpeg,F
7HVpUzZHRK.jpg.jpeg,F
7inpPSRDKM.jpg.jpeg,F
7j0BV9AsSG.jpg.jpeg,F
7jRGXWTknd.jpg.jpeg,F
7jxNuMhKMP.jpg.jpeg,F
7KQQWva39c.jpg.jpeg,F
7LgxsayzGv.jpg.jpeg,F
7Nwpqe6YFw.jpg.jpeg,F
7O3T8rt1X5.jpg.jpeg,F
7oaYnLKqjU.jpg.jpeg,F
7Pih5Xx6yK.jpg.jpeg,F
7qJfyTi1OM.jpg.jpeg,F
7uCoC8FS57.jpg.jpeg,F
7VYBRmCNf5.jpg.jpeg,F
7vZXti2THE.jpg.jpeg,F
7wSc4aCPkd.jpg.jpeg,F
83loqtZKau.jpg.jpeg,F
86Ym9oEXuO.jpg.jpeg,F
8Ai0VrooCK.jpg.jpeg,F
8aOUGgSO5w.jpg.jpeg,F
8BiovgDzBa.jpg.jpeg,F
8Bt1kWNIu1.jpg.jpeg,F
8bXCIu10xj.jpg.jpeg,F
8eHnoLHF6p.jpg.jpeg,F
8i706YSp0W.jpg.jpeg,F
8QpJz0whjT.jpg.jpeg,F
8sLjKQ0BZk.jpg.jpeg,F
8ue986BrRc.jpg.jpeg,F
8UHULFpMVM.jpg.jpeg,F
8uzFq96Jfn.jpg.jpeg,F
8wgOGhnB7w.jpg.jpeg,F
8YAaXXDJdB.jpg.jpeg,F
936dqgCv1d.jpg.jpeg,F
98FmahRU6j.jpg.jpeg,F
991se1EEHo.jpg.jpeg,F
9ahLhbcbk7.jpg.jpeg,F
9BIWPfnVoT.jpg.jpeg,F
9BRFhI6ONP.jpg.jpeg,F
9bw4gfHaEa.jpg.jpeg,F
9Cnrn417jX.jpg.jpeg,F
9CvO3UfYLk.jpg.jpeg,F
9gV0DvqZRo.jpg.jpeg,F
9IEIPULcdI.jpg.jpeg,F
9IyBAgDdpf.jpg.jpeg,F
9JNZWslcHc.jpg.jpeg,F
9kDR7LYjyT.jpg.jpeg,F
9m0kloYKTH.jpg.jpeg,F
9MdtT1q5jI.jpg.jpeg,F
9PAXB4acMT.jpg.jpeg,F
A18Tfz8hUw.jpg.jpeg,F
a1bwfsZZNY.jpg.jpeg,F
A7oUyXg1D8.jpg.jpeg,F
a8g2jTInUD.jpg.jpeg,F
a8lwftcM6T.jpg.jpeg,F
aA4uSe8UVV.jpg.jpeg,F
aAAMPNRMXw.jpg.jpeg,F
acXQ3a78nx.jpg.jpeg,F
AcyYExzeil.jpg.jpeg,F
adK8ZYLv7g.jpg.jpeg,F
adpW29aJ07.jpg.jpeg,F
AdYRiCxW7v.jpg.jpeg,F
aele0hRymp.jpg.jpeg,F
aEyGKY9puF.jpg.jpeg,F
AEZMSx2t0l.jpg.jpeg,F
AfbbNH9EBC.jpg.jpeg,F
Affp8TFyFe.jpg.jpeg,F
AFKO1aEXHh.jpg.jpeg,F
AFrdiP1H3Y.jpg.jpeg,F
AgeDfNStcc.jpg.jpeg,F
AGmiMctAYe.jpg.jpeg,F
aGVXlmNJiM.jpg.jpeg,F
aiPburCl88.jpg.jpeg,F
AjoxPBY9aE.jpg.jpeg,F
Akpu3v0lDO.jpg.jpeg,F
akysjTlaUk.jpg.jpeg,F
ALCSt2YxAw.jpg.jpeg,F
ALPzFxZuxM.jpg.jpeg,F
aMu2hM5AD1.jpg.jpeg,F
AmVge6WVHS.jpg.jpeg,F
ANjHHzel4F.jpg.jpeg,F
aNsuQ6HXnt.jpg.jpeg,F
aNTfbXl6cV.jpg.jpeg,F
aoMHFW4ywD.jpg.jpeg,F
AQer4Dk0i8.jpg.jpeg,F
ARgadwc2xe.jpg.jpeg,F
AsGxbme9Pg.jpg.jpeg,F
ASozVT25SZ.jpg.jpeg,F
ASxpkjqu7V.jpg.jpeg,F
aVHi3of9ov.jpg.jpeg,F
AwA7Opkwew.jpg.jpeg,F
aWhrvHWoSY.jpg.jpeg,F
Awi5b5LnAY.jpg.jpeg,F
Ax9OSKpuR9.jpg.jpeg,F
aXdsMTSdWj.jpg.jpeg,F
aYdDiM8Uat.jpg.jpeg,F
AYLzmvsj9Q.jpg.jpeg,F
B1YjNfVQAB.jpg.jpeg,F
b6B8va9xgm.jpg.jpeg,F
B7aPYJW4Yk.jpg.jpeg,F
b82Y0qudPv.jpg.jpeg,F
B86lh3FUT0.jpg.jpeg,F
BAEy6OSdIT.jpg.jpeg,F
BAZY8MSvYO.jpg.jpeg,F
Bc6onGEiSG.jpg.jpeg,F
bF0peghjwC.jpg.jpeg,F
bFh2fNyT66.jpg.jpeg,F
BHEykXzluL.jpg.jpeg,F
bhqhVslTMp.jpg.jpeg,F
bIKqBLqdzN.jpg.jpeg,F
bjrJ3lMsc9.jpg.jpeg,F
BkP1U0nk4E.jpg.jpeg,F
BmeLSjaL4b.jpg.jpeg,F
bmuisUu13V.jpg.jpeg,F
BmvFdKt4c8.jpg.jpeg,F
bNkc6F5cS4.jpg.jpeg,F
bnlPgVyhKA.jpg.jpeg,F
BnXNJCttvf.jpg.jpeg,F
bNZQsRSTkS.jpg.jpeg,F
BO7ibckQfu.jpg.jpeg,F
BpivvwQNiP.jpg.jpeg,F
BrEgCQ0NIF.jpg.jpeg,F
BRX3NAvfaD.jpg.jpeg,F
btQHoILgFR.jpg.jpeg,F
bUsskzFN5G.jpg.jpeg,F
BWmlW1j5ZH.jpg.jpeg,F
byHTmMKC6p.jpg.jpeg,F
c0eRASUmWY.jpg.jpeg,F
C0q82pbvXP.jpg.jpeg,F
C1eAqGsEcJ.jpg.jpeg,F
c3bwhN1Awm.jpg.jpeg,F
c4D2D0G2zT.jpg.jpeg,F
c4eUf2m4lB.jpg.jpeg,F
c5EcnGyZ3K.jpg.jpeg,F
c5VcYUSxkK.jpg.jpeg,F
c9xC3lVMXJ.jpg.jpeg,F
CCnZp6yoH2.jpg.jpeg,F
cdSpkznQ8k.jpg.jpeg,F
cDutDQUbJW.jpg.jpeg,F
CEseDGi1Bd.jpg.jpeg,F
CF5eTMPfe3.jpg.jpeg,F
CGmDjVqq5T.jpg.jpeg,F
CixtX0vymc.jpg.jpeg,F
cj041L7D0i.jpg.jpeg,F
cjNJtI30nN.jpg.jpeg,F
CL0SddUYVC.jpg.jpeg,F
clgwc7n8bQ.jpg.jpeg,F
cmsq5ADEb7.jpg.jpeg,F
CMyfVYDV01.jpg.jpeg,F
CnHFydfbfl.jpg.jpeg,F
cNhYRijU6j.jpg.jpeg,F
CP6TZBREY2.jpg.jpeg,F
CQzis7oR5f.jpg.jpeg,F
csh9b7zSNP.jpg.jpeg,F
CSkIMl3FRM.jpg.jpeg,F
CSPbg1St1u.jpg.jpeg,F
cST03Wjo3A.jpg.jpeg,F
CTfaZxJILs.jpg.jpeg,F
ctKLB3pJtK.jpg.jpeg,F
ctnXMTbVua.jpg.jpeg,F
CtxgUs3nad.jpg.jpeg,F
cU8sF4kJvZ.jpg.jpeg,F
cUo7GfQPIO.jpg.jpeg,F
CWaIhgl0oC.jpg.jpeg,F
cXDrbId3oS.jpg.jpeg,F
CXw4Ah2nyd.jpg.jpeg,F
cyzYc96qQB.jpg.jpeg,F
czD0751TyK.jpg.jpeg,F
CzryRDpaaB.jpg.jpeg,F
CzvCXctytN.jpg.jpeg,F
CzZWiGFV6l.jpg.jpeg,F
d0153VyDG7.jpg.jpeg,F
D1dV3sojyL.jpg.jpeg,F
D1FAcxTNnr.jpg.jpeg,F
d1UqQn7eoC.jpg.jpeg,F
D2x8DR7TjD.jpg.jpeg,F
D6ZiwPsdeZ.jpg.jpeg,F
d7J68IVp5N.jpg.jpeg,F
Da7Rqh3oTh.jpg.jpeg,F
DB26r4tq1V.jpg.jpeg,F
dBHgqdmKAX.jpg.jpeg,F
dC9W6bZFjK.jpg.jpeg,F
dCst1zU9lU.jpg.jpeg,F
dD8bTjTI8O.jpg.jpeg,F
dfTcjSDy5f.jpg.jpeg,F
dhAsB0S5iG.jpg.jpeg,F
dhDBiNM6QV.jpg.jpeg,F
dIgI3mrs9B.jpg.jpeg,F
DjAcqhBnJp.jpg.jpeg,F
dJg24rbnBL.jpg.jpeg,F
djLYyF2ah3.jpg.jpeg,F
dJwXAEFFhE.jpg.jpeg,F
djyqH6JXeX.jpg.jpeg,F
dJZw0GFn6D.jpg.jpeg,F
dklQ1cQzzf.jpg.jpeg,F
dkonc8emSP.jpg.jpeg,F
DKqUUu3TyS.jpg.jpeg,F
dLFT5OoHV0.jpg.jpeg,F
dLXLoZrrpR.jpg.jpeg,F
DlyViConUL.jpg.jpeg,F
dNIAEdXSHn.jpg.jpeg,F
DoXGDGEwvd.jpg.jpeg,F
DPRB3phLni.jpg.jpeg,F
DQ1yZtMMWU.jpg.jpeg,F
DqjX6Yzi47.jpg.jpeg,F
DtAZedj3j4.jpg.jpeg,F
DTg6d4Ql0Z.jpg.jpeg,F
DTiakt3v6O.jpg.jpeg,F
DvauO3C2Co.jpg.jpeg,F
DVbBSB5K2f.jpg.jpeg,F
dw2ZfDllHT.jpg.jpeg,F
DxQpzmQtxI.jpg.jpeg,F
dYAhtib5aO.jpg.jpeg,F
dYcLrEPl1J.jpg.jpeg,F
DyoFo16cTG.jpg.jpeg,F
dyxJIaaRGO.jpg.jpeg,F
DYYdUzsor5.jpg.jpeg,F
E1lEZa0mib.jpg.jpeg,F
E2LHVMwA98.jpg.jpeg,F
E2vUA4sGmC.jpg.jpeg,F
E36RR0ptPE.jpg.jpeg,F
E6XpEurbi9.jpg.jpeg,F
e7vlpr8i98.jpg.jpeg,F
E8Bl9MH8UT.jpg.jpeg,F
e8hLJ0O20D.jpg.jpeg,F
ea3XlaUrUb.jpg.jpeg,F
eAwXyhwe8w.jpg.jpeg,F
ebWLZVawNK.jpg.jpeg,F
eDK7PFqO8b.jpg.jpeg,F
EDLrhFWV85.jpg.jpeg,F
efA2q2BQO1.jpg.jpeg,F
eFcWMvDvo4.jpg.jpeg,F
EfkEVE1lLG.jpg.jpeg,F
eG8t9HT9Uc.jpg.jpeg,F
eGjyrDcqy8.jpg.jpeg,F
ehnOwawgDe.jpg.jpeg,F
EHyqqueir6.jpg.jpeg,F
EJdDUhKnDC.jpg.jpeg,F
EMdZjVwdaY.jpg.jpeg,F
emYE2GkrSI.jpg.jpeg,F
EN0eyC5vJx.jpg.jpeg,F
EN9vwStOz3.jpg.jpeg,F
EnnpmR3FXa.jpg.jpeg,F
EpM8OY8vLw.jpg.jpeg,F
EQFOefgA0P.jpg.jpeg,F
ES7c7TwrU7.jpg.jpeg,F
esmoOjRkJW.jpg.jpeg,F
eT0xUpmLIw.jpg.jpeg,F
ETkuV7C1aF.jpg.jpeg,F
euXsj2Q2Lb.jpg.jpeg,F
ev8MzOJU3v.jpg.jpeg,F
EVhjh5j1bI.jpg.jpeg,F
eW2h6xGxBJ.jpg.jpeg,F
Ex5iooeM07.jpg.jpeg,F
EXq9qstHUP.jpg.jpeg,F
EZrJGluvb1.jpg.jpeg,F
ezWLS2R28H.jpg.jpeg,F
f1aZYmNZ0S.jpg.jpeg,F
f2Gd9wwY7Y.jpg.jpeg,F
f3uo8GsU94.jpg.jpeg,F
F4ldPcspFn.jpg.jpeg,F
F5bHo3npw6.jpg.jpeg,F
f6vHQx4VVX.jpg.jpeg,F
F8SUZfu43O.jpg.jpeg,F
F97KNlKxjw.jpg.jpeg,F
FBbplWiCb4.jpg.jpeg,F
FCS0QRLT6C.jpg.jpeg,F
FegPRVDyzr.jpg.jpeg,F
Ff7Pi9y9gp.jpg.jpeg,F
FfHKljc8oN.jpg.jpeg,F
fHS0vcJPDe.jpg.jpeg,F
fI0K7P4GDG.jpg.jpeg,F
fK8tCvACiR.jpg.jpeg,F
FKc37aOVlO.jpg.jpeg,F
FLv3QQpECv.jpg.jpeg,F
Fm5xI6Gm3K.jpg.jpeg,F
fMqtx58797.jpg.jpeg,F
FNuGpyTise.jpg.jpeg,F
fo9rAxZwu0.jpg.jpeg,F
folx7mGwLG.jpg.jpeg,F
foOgT1KlQx.jpg.jpeg,F
FOzvj6QMFF.jpg.jpeg,F
FQHbnhHOLy.jpg.jpeg,F
fRq3o5DK7d.jpg.jpeg,F
fSMwOU7g3P.jpg.jpeg,F
Fv43DwKs1L.jpg.jpeg,F
fvhZ5m2eta.jpg.jpeg,F
FXwNcR3Fho.jpg.jpeg,F
fxxQAG6Uug.jpg.jpeg,F
FY1ETt5wra.jpg.jpeg,F
FyLLkUZqPm.jpg.jpeg,F
fzCGO34H4V.jpg.jpeg,F
g13CWr2Xhm.jpg.jpeg,F
G2xFtrxMzz.jpg.jpeg,F
G69lb5XC4s.jpg.jpeg,F
g8imVi3OqA.jpg.jpeg,F
g97n1R7TL5.jpg.jpeg,F
g9FDeX016h.jpg.jpeg,F
gAiOmGHhJq.jpg.jpeg,F
gajAYTxWSG.jpg.jpeg,F
gB00tiJCSH.jpg.jpeg,F
gb7nPj9Ulg.jpg.jpeg,F
gbsDtk4Sse.jpg.jpeg,F
gcuNjTf97p.jpg.jpeg,F
GDX9MEhP6w.jpg.jpeg,F
gfHqey13eB.jpg.jpeg,F
GFvBcVJes6.jpg.jpeg,F
GG1eNbPtGa.jpg.jpeg,F
GgfPFThwaN.jpg.jpeg,F
gh9LuENSQO.jpg.jpeg,F
ghx10tgkyp.jpg.jpeg,F
GkXorhwxqU.jpg.jpeg,F
GLeMLzDfgH.jpg.jpeg,F
GLyk6Hsy7J.jpg.jpeg,F
GMW4PtSvYl.jpg.jpeg,F
GN4sxvKcK4.jpg.jpeg,F
GnYMrkx0dN.jpg.jpeg,F
goKy0JHxai.jpg.jpeg,F
Gpl4BiyIY2.jpg.jpeg,F
grGapiXJH5.jpg.jpeg,F
gsWyuuQTgB.jpg.jpeg,F
gtZ2g3qnIP.jpg.jpeg,F
gU5rpWyiT1.jpg.jpeg,F
gulHLvae7n.jpg.jpeg,F
GUYRlVcyKO.jpg.jpeg,F
gv3P19PcCE.jpg.jpeg,F
gX6oN9rMKv.jpg.jpeg,F
Gxm4qrhXvt.jpg.jpeg,F
GXWEdtYxLH.jpg.jpeg,F
GYEkLqc7jd.jpg.jpeg,F
h3hTyAlQi2.jpg.jpeg,F
h3LxXt3JTE.jpg.jpeg,F
h704OZYzh3.jpg.jpeg,F
h7lRVrjrfp.jpg.jpeg,F
H9wGL6eHyY.jpg.jpeg,F
HCGtEVKMYC.jpg.jpeg,F
hdGsScDusy.jpg.jpeg,F
hdSY2obMMX.jpg.jpeg,F
HfNhiNLBzD.jpg.jpeg,F
Hfo7eqQV0u.jpg.jpeg,F
hg0CwTH0nL.jpg.jpeg,F
hjq8opbDtX.jpg.jpeg,F
HKGakJ31WZ.jpg.jpeg,F
HLl5fCvfuC.jpg.jpeg,F
hLU55SzWqk.jpg.jpeg,F
HM64o8Pt5I.jpg.jpeg,F
HMJg4z4bk1.jpg.jpeg,F
Hn0uJkFJmw.jpg.jpeg,F
hNYrkZBEsX.jpg.jpeg,F
HoH5FxOszt.jpg.jpeg,F
HoxOQ2lViI.jpg.jpeg,F
hqwEbOR7ki.jpg.jpeg,F
HsBtcaarA1.jpg.jpeg,F
HVZtKctLfs.jpg.jpeg,F
hWnS6YnjTG.jpg.jpeg,F
Hwoo3DP0z6.jpg.jpeg,F
HWr8vPbiyt.jpg.jpeg,F
hXdPWt6I1E.jpg.jpeg,F
hXgJm1bhl2.jpg.jpeg,F
HxPbKjcCZt.jpg.jpeg,F
hXZnCgNcdD.jpg.jpeg,F
HysBARY9Xv.jpg.jpeg,F
I0gqyoCiWH.jpg.jpeg,F
i1Di02fODW.jpg.jpeg,F
i32ZwZF25U.jpg.jpeg,F
i34WxtIgzx.jpg.jpeg,F
i64bqAm7Yz.jpg.jpeg,F
I67TOXyzHU.jpg.jpeg,F
i6iqWyOoDL.jpg.jpeg,F
i6t2uxhU0D.jpg.jpeg,F
i77y1efEQm.jpg.jpeg,F
I7lrLH4T2y.jpg.jpeg,F
iafPABOngb.jpg.jpeg,F
IAzG2kg7Cr.jpg.jpeg,F
ibA41uFtxe.jpg.jpeg,F
IBnbrAA0Od.jpg.jpeg,F
Iclp5aAgQC.jpg.jpeg,F
IDV5lbzVUE.jpg.jpeg,F
iedOwWllhA.jpg.jpeg,F
iEWib2n0OO.jpg.jpeg,F
ifRq3858Vs.jpg.jpeg,F
iFXLwpVQbE.jpg.jpeg,F
igyGu1uVa0.jpg.jpeg,F
iGZ3tDghzL.jpg.jpeg,F
IGzUDxVehl.jpg.jpeg,F
IHkGxuryBO.jpg.jpeg,F
IICheNlqDm.jpg.jpeg,F
iimtQSENYJ.jpg.jpeg,F
IIqMArK3Fr.jpg.jpeg,F
IJCzkvf9fz.jpg.jpeg,F
iJJuHqI9Jk.jpg.jpeg,F
iLgHSo4Yz5.jpg.jpeg,F
IlTGreWggH.jpg.jpeg,F
iN7AFi5Ghn.jpg.jpeg,F
InVfgWfUNy.jpg.jpeg,F
iovt9d7hBO.jpg.jpeg,F
iPGmMREYpu.jpg.jpeg,F
iplsKp9VZh.jpg.jpeg,F
iPmnB8jvMg.jpg.jpeg,F
IqbO1KEuGn.jpg.jpeg,F
IQLw7e3Bxn.jpg.jpeg,F
iQRRH5PvAH.jpg.jpeg,F
IR0gTIak9l.jpg.jpeg,F
ItdHn5WkeO.jpg.jpeg,F
iUHp6IE1il.jpg.jpeg,F
iui0zKCal6.jpg.jpeg,F
IvBOuyfDE5.jpg.jpeg,F
iVCeaoKdnq.jpg.jpeg,F
IvkgHal2lC.jpg.jpeg,F
iw1IUrnQfa.jpg.jpeg,F
IxhhfVNyma.jpg.jpeg,F
IXzRTX9jKB.jpg.jpeg,F
IZ7V84QW0K.jpg.jpeg,F
IzAm11o8Lx.jpg.jpeg,F
IZutiPnAXM.jpg.jpeg,F
j0dl4SQg9D.jpg.jpeg,F
J0OcFUhhhg.jpg.jpeg,F
j2JipgSg2X.jpg.jpeg,F
J2UHXanbhj.jpg.jpeg,F
j3pv9nTkIy.jpg.jpeg,F
j3ZJuwSErR.jpg.jpeg,F
j4Hmodr8j2.jpg.jpeg,F
j6CFokh3DI.jpg.jpeg,F
j6nQCEgA4o.jpg.jpeg,F
J9XjNsZlzz.jpg.jpeg,F
Jc0DYAsUiV.jpg.jpeg,F
JdEbNZHKHL.jpg.jpeg,F
JDUdhuwZNG.jpg.jpeg,F
JFfIQSinnu.jpg.jpeg,F
jgFXo040eT.jpg.jpeg,F
jgs0XAUopG.jpg.jpeg,F
jHUG3QHy2z.jpg.jpeg,F
ji9oL7K3aJ.jpg.jpeg,F
Jinb4mww5J.jpg.jpeg,F
jkzlzay63Q.jpg.jpeg,F
jl0NltxYOU.jpg.jpeg,F
JljIFHfR3V.jpg.jpeg,F
JNg2Xfkg0v.jpg.jpeg,F
jO0tbluSvi.jpg.jpeg,F
jOCjxqsYX2.jpg.jpeg,F
jOoyevagHj.jpg.jpeg,F
jOsUQsR1PU.jpg.jpeg,F
jPQJnV9d4k.jpg.jpeg,F
jqCbK74Th5.jpg.jpeg,F
Jqqumfq8Zo.jpg.jpeg,F
jqu6XK1nHO.jpg.jpeg,F
jrrCtcaBbF.jpg.jpeg,F
jRWGzjj039.jpg.jpeg,F
jrYWTnEEDY.jpg.jpeg,F
JuFb7KaC6S.jpg.jpeg,F
juIhuyT3YR.jpg.jpeg,F
jWpdxtcK1l.jpg.jpeg,F
jx2M7oolrp.jpg.jpeg,F
jx3qEOoUZ2.jpg.jpeg,F
JxQKyeVc5P.jpg.jpeg,F
Jzcz7knWDR.jpg.jpeg,F
k0h10u4E7a.jpg.jpeg,F
K0W4z1q1Vg.jpg.jpeg,F
K1eeGQ4JR9.jpg.jpeg,F
K2ar0iCGuq.jpg.jpeg,F
k4d50gah3H.jpg.jpeg,F
K4SuYdqx9F.jpg.jpeg,F
k55fHwWm6t.jpg.jpeg,F
K8A8lLpUQB.jpg.jpeg,F
K8tjzkPIEh.jpg.jpeg,F
K8uQkZmkAq.jpg.jpeg,F
KAbw5YVylV.jpg.jpeg,F
KDxdLB0ifg.jpg.jpeg,F
kdY4XdiUDv.jpg.jpeg,F
kEUxHOnm7i.jpg.jpeg,F
KEVMgNGlvA.jpg.jpeg,F
kFXqVdAxLr.jpg.jpeg,F
kgTJfFDyd2.jpg.jpeg,F
kH4THjzBkn.jpg.jpeg,F
KI7pceC5q7.jpg.jpeg,F
KIbgip0ctD.jpg.jpeg,F
kJoEWr4hTM.jpg.jpeg,F
kKYkmlljud.jpg.jpeg,F
KLe1GexdGQ.jpg.jpeg,F
kq1HkTLToo.jpg.jpeg,F
KrJ4vvy7wo.jpg.jpeg,F
kRjX3qfO5c.jpg.jpeg,F
krP3tMdVgs.jpg.jpeg,F
KrQNMjTmXm.jpg.jpeg,F
ks3tflFEKf.jpg.jpeg,F
kSxWLoigKt.jpg.jpeg,F
KW1k5wCmOA.jpg.jpeg,F
Kwv9AcA8uu.jpg.jpeg,F
kX90oLJtD6.jpg.jpeg,F
kXJ0yQh8rh.jpg.jpeg,F
KXXP0nxphU.jpg.jpeg,F
KYMHwMQntv.jpg.jpeg,F
kZof3PhhO0.jpg.jpeg,F
L0wYzG4Q7L.jpg.jpeg,F
L1L1H42J8t.jpg.jpeg,F
L5XlVGaR4h.jpg.jpeg,F
l77yQBhk7m.jpg.jpeg,F
l7iZLENiuS.jpg.jpeg,F
L9ewXGP1Zr.jpg.jpeg,F
L9pOBAZRl0.jpg.jpeg,F
L9yM10Rep6.jpg.jpeg,F
LAPojXagON.jpg.jpeg,F
LblAp4KHqB.jpg.jpeg,F
LbqqVK2gJL.jpg.jpeg,F
LC24pZpyz3.jpg.jpeg,F
lDduRu0b0o.jpg.jpeg,F
lE3lTJ949W.jpg.jpeg,F
lesr57nRvS.jpg.jpeg,F
lEuLHry0LY.jpg.jpeg,F
LEYX1GsBNd.jpg.jpeg,F
LG62ymXZFB.jpg.jpeg,F
LhFFKhWeu7.jpg.jpeg,F
lJTnOurxpu.jpg.jpeg,F
lJxKEHbuoh.jpg.jpeg,F
LK5WufrBNH.jpg.jpeg,F
LmFf3G8dOk.jpg.jpeg,F
Lo4any3gDQ.jpg.jpeg,F
lOks5upHih.jpg.jpeg,F
LpA3sWWXZq.jpg.jpeg,F
lq9Z25nOFt.jpg.jpeg,F
lrqRdy3ak5.jpg.jpeg,F
LTEhrsFRW9.jpg.jpeg,F
LTZdJrYg5H.jpg.jpeg,F
luborBlWBG.jpg.jpeg,F
lUFXMk2fMZ.jpg.jpeg,F
LvDiqMidtd.jpg.jpeg,F
lXOKqTk2wW.jpg.jpeg,F
lY54D1dtMg.jpg.jpeg,F
LyDBnP1wve.jpg.jpeg,F
LYdKEM0LXu.jpg.jpeg,F
M1RPWuazGU.jpg.jpeg,F
M33AFJGOeZ.jpg.jpeg,F
m7lz8T7r0D.jpg.jpeg,F
M8NDdwFIep.jpg.jpeg,F
M9jsuOnBSE.jpg.jpeg,F
mavdvgppll.jpg.jpeg,F
MbLPR2nVvk.jpg.jpeg,F
McPjDK1Xy6.jpg.jpeg,F
md4ob9qOLz.jpg.jpeg,F
mEkuhIM50V.jpg.jpeg,F
MeWtCrDKye.jpg.jpeg,F
mfEYgYdR55.jpg.jpeg,F
mFFLeyxvZ2.jpg.jpeg,F
MFNgqaHutj.jpg.jpeg,F
MGElpvNIPZ.jpg.jpeg,F
miCYT2C4SU.jpg.jpeg,F
MjLbo5LJ6I.jpg.jpeg,F
mKJWCJ5v2k.jpg.jpeg,F
mL6TkhJIcr.jpg.jpeg,F
mm40pvsRW3.jpg.jpeg,F
MNaN3Objyx.jpg.jpeg,F
MnfybzK062.jpg.jpeg,F
mPQ0ZuTeMk.jpg.jpeg,F
MQ4mB7F2Tj.jpg.jpeg,F
mQc0xs3hhx.jpg.jpeg,F
mQYRbZR12b.jpg.jpeg,F
MSIxcEhCS8.jpg.jpeg,F
MTQl5H4kNk.jpg.jpeg,F
Mu9bIjYzst.jpg.jpeg,F
mUJp6FVbjS.jpg.jpeg,F
mvllJFwUlG.jpg.jpeg,F
MwEAZKGeOr.jpg.jpeg,F
mwgwyUnDol.jpg.jpeg,F
mXKBnLDNbv.jpg.jpeg,F
MXN4YBTn8N.jpg.jpeg,F
MxNxkzeXYX.jpg.jpeg,F
my6s5fSTYI.jpg.jpeg,F
n2U8oY98rj.jpg.jpeg,F
n3193MDCB3.jpg.jpeg,F
n5juS4FXn7.jpg.jpeg,F
n6ZIaphgn9.jpg.jpeg,F
n7AVb1r4PG.jpg.jpeg,F
n7eKZk7OLw.jpg.jpeg,F
N8ipySW0N0.jpg.jpeg,F
n8qeUFi0VE.jpg.jpeg,F
n9ip3DGF5J.jpg.jpeg,F
NaDRUNgO7A.jpg.jpeg,F
Nb5VOVtOFM.jpg.jpeg,F
NbvGQZyNyJ.jpg.jpeg,F
ncIC4Lxq8j.jpg.jpeg,F
NCwodhWQ9Q.jpg.jpeg,F
nd7f0cTika.jpg.jpeg,F
neKzloOeLS.jpg.jpeg,F
NG54Tb3Ez7.jpg.jpeg,F
NIfWdzapvh.jpg.jpeg,F
NK7k9bDB1w.jpg.jpeg,F
NKbrs7Z0kM.jpg.jpeg,F
NKesvM1bkX.jpg.jpeg,F
NkvplWo9S0.jpg.jpeg,F
NKvyXPCyL9.jpg.jpeg,F
nl7Y0Gebye.jpg.jpeg,F
nmI88Vbyy4.jpg.jpeg,F
nNaHid8c5u.jpg.jpeg,F
nnt2Xz4jBS.jpg.jpeg,F
NnXD7zQ5A5.jpg.jpeg,F
noljnHTeeh.jpg.jpeg,F
Npj6bJHUbr.jpg.jpeg,F
nQKN56Pr7K.jpg.jpeg,F
nrAgBd24n2.jpg.jpeg,F
NSUl3KjGWn.jpg.jpeg,F
NTpjFqWweY.jpg.jpeg,F
NtyngDGH9W.jpg.jpeg,F
NvRBFt8DO3.jpg.jpeg,F
NXHE3YswSD.jpg.jpeg,F
NXIK8HVMl1.jpg.jpeg,F
NZamkjxoyG.jpg.jpeg,F
o1fcvz30rf.jpg.jpeg,F
o4wZyDCvGY.jpg.jpeg,F
O68h10XSbs.jpg.jpeg,F
O7fU0BaXAz.jpg.jpeg,F
O8aJoU0BAz.jpg.jpeg,F
oAjCJ5GUky.jpg.jpeg,F
og997siUTA.jpg.jpeg,F
OgldR8Eyev.jpg.jpeg,F
OJghxDv6Cu.jpg.jpeg,F
onEv1qAezx.jpg.jpeg,F
OPb9NKZ38d.jpg.jpeg,F
opVh4cAgKo.jpg.jpeg,F
Oq8c0zVA46.jpg.jpeg,F
oQci0MlWRe.jpg.jpeg,F
OQpMdNUm2t.jpg.jpeg,F
orgV0JWvbH.jpg.jpeg,F
os1bQc26ed.jpg.jpeg,F
oVg2DSrlRZ.jpg.jpeg,F
OWg2SKqas8.jpg.jpeg,F
OWld2fNn8A.jpg.jpeg,F
oXnOv46X5g.jpg.jpeg,F
oykfBjyxzL.jpg.jpeg,F
OZi9ZizZGA.jpg.jpeg,F
p0pIn0K00G.jpg.jpeg,F
p1DjeqoaRp.jpg.jpeg,F
P2k1FpYDlt.jpg.jpeg,F
P4kGXHMicz.jpg.jpeg,F
p5N2k2s6QD.jpg.jpeg,F
p6DWyW3hLA.jpg.jpeg,F
p6shC4QvEo.jpg.jpeg,F
p76wUzsLRE.jpg.jpeg,F
P7OM4Ymi4K.jpg.jpeg,F
p9pPHvZsnS.jpg.jpeg,F
PaI1IFJza4.jpg.jpeg,F
PAw8PYHs1k.jpg.jpeg,F
PBaFCh7eFk.jpg.jpeg,F
PbxJOFNyto.jpg.jpeg,F
PcGyldJs19.jpg.jpeg,F
PCJWAcnyoW.jpg.jpeg,F
pCS9aJ6i59.jpg.jpeg,F
pcVTtxoHYb.jpg.jpeg,F
PE4Nm7PEmk.jpg.jpeg,F
pF7rIRSgL7.jpg.jpeg,F
PfEYxkFfsw.jpg.jpeg,F
pFLKXwrxBq.jpg.jpeg,F
pfvlsyyVJt.jpg.jpeg,F
pH77OBddI0.jpg.jpeg,F
pI0IQaGdaP.jpg.jpeg,F
Pid2eCgwrD.jpg.jpeg,F
PIj0oHGRjW.jpg.jpeg,F
pJ8BXeWbyQ.jpg.jpeg,F
pjYpZQMjBb.jpg.jpeg,F
PLdqouhDzo.jpg.jpeg,F
plG4rHYuZ2.jpg.jpeg,F
PlkTZxZArk.jpg.jpeg,F
PmkPuH7Rl4.jpg.jpeg,F
pMUaD8fxZl.jpg.jpeg,F
PNHIgEBmQI.jpg.jpeg,F
PNjVeMhxEi.jpg.jpeg,F
pNRRD3oYIS.jpg.jpeg,F
PoHptPyNSm.jpg.jpeg,F
ppG9fk8y7R.jpg.jpeg,F
pPOiKPdUpj.jpg.jpeg,F
ppU5cYm6TG.jpg.jpeg,F
pQt8zIKflX.jpg.jpeg,F
prW1tMDUn0.jpg.jpeg,F
Psiqbt67dB.jpg.jpeg,F
psLO9EnnRI.jpg.jpeg,F
pU3Tg9Sx3U.jpg.jpeg,F
puw4ucHIJ8.jpg.jpeg,F
PVBcXS6grs.jpg.jpeg,F
Px0iCC7ked.jpg.jpeg,F
pXfM6uzrZp.jpg.jpeg,F
pYJWdC6eeq.jpg.jpeg,F
pZzlEkwk3n.jpg.jpeg,F
q03jbjsjEf.jpg.jpeg,F
Q0tp1yDN82.jpg.jpeg,F
Q36VoKAZwb.jpg.jpeg,F
q3tSnfVta4.jpg.jpeg,F
q4bxDF5cHS.jpg.jpeg,F
Q4tHEcTpB8.jpg.jpeg,F
Q50exd8Dd2.jpg.jpeg,F
q6oxDdG52c.jpg.jpeg,F
qcQqhVsyBs.jpg.jpeg,F
QcSEwOnobt.jpg.jpeg,F
QdAESyQE6W.jpg.jpeg,F
QebJI8ZqDH.jpg.jpeg,F
qeLuW9zid5.jpg.jpeg,F
QET28uuYoH.jpg.jpeg,F
qFEfYRcfxd.jpg.jpeg,F
qfZHMgZIMR.jpg.jpeg,F
qGQnh395zd.jpg.jpeg,F
QI8iVgLZ49.jpg.jpeg,F
QIhRf0qBuJ.jpg.jpeg,F
QjM81aATY0.jpg.jpeg,F
QkMpKW0VyH.jpg.jpeg,F
qkQdw0zfdP.jpg.jpeg,F
ql6N4uzHAY.jpg.jpeg,F
QMMljlxR00.jpg.jpeg,F
QmOIU7K3be.jpg.jpeg,F
QN8IueiEdw.jpg.jpeg,F
qpln5N0vOR.jpg.jpeg,F
qQ1Ta3zt2n.jpg.jpeg,F
qrV60uBra4.jpg.jpeg,F
qsovtuOk9F.jpg.jpeg,F
QtBUXM7L7v.jpg.jpeg,F
qtTn2QOD8v.jpg.jpeg,F
qu7y4hHiKj.jpg.jpeg,F
qVvfi1loXe.jpg.jpeg,F
qW41qtsFUY.jpg.jpeg,F
qwHKqoJ18i.jpg.jpeg,F
qWvS3znM9W.jpg.jpeg,F
QyfQswz254.jpg.jpeg,F
qzM1sPvETH.jpg.jpeg,F
Qzvvn7iPqJ.jpg.jpeg,F
QZXImwPjEq.jpg.jpeg,F
qzYfs4pRXN.jpg.jpeg,F
R1GBCwrWL4.jpg.jpeg,F
r3LvU351JM.jpg.jpeg,F
r4Pfm1FeGC.jpg.jpeg,F
r4SIMZnBkG.jpg.jpeg,F
r4Xr5YEMDc.jpg.jpeg,F
r5HBR3lIob.jpg.jpeg,F
R63S0NMa81.jpg.jpeg,F
r9DKPvVn8n.jpg.jpeg,F
R9kDMAyD8B.jpg.jpeg,F
RBPTmI509W.jpg.jpeg,F
rCfERTo4b2.jpg.jpeg,F
reFbC1ieMJ.jpg.jpeg,F
rEGkGibegP.jpg.jpeg,F
rEl9ZdQ8QF.jpg.jpeg,F
rIdmsjXFU1.jpg.jpeg,F
RJ2aB929bJ.jpg.jpeg,F
Rjm9m1dlbZ.jpg.jpeg,F
rjqkf2eXxE.jpg.jpeg,F
RkWXLlIZ3u.jpg.jpeg,F
RmSREbsHoe.jpg.jpeg,F
rn7ZWRltvk.jpg.jpeg,F
rnOyga1epX.jpg.jpeg,F
Rnv763oYop.jpg.jpeg,F
rOoQeoThEj.jpg.jpeg,F
rPJWJngrA9.jpg.jpeg,F
rTgbZX0g4Y.jpg.jpeg,F
rtM6BMQR0z.jpg.jpeg,F
RtUNnHGcnq.jpg.jpeg,F
rUYKLoFJJt.jpg.jpeg,F
RwCnqEior1.jpg.jpeg,F
Rx6h8tboys.jpg.jpeg,F
RXHDLl5psk.jpg.jpeg,F
rxkqICmMtK.jpg.jpeg,F
rxyjuBPSg7.jpg.jpeg,F
RxyzEOWRY8.jpg.jpeg,F
RY9mV5CRnX.jpg.jpeg,F
S3fzt5Aptm.jpg.jpeg,F
S5feLzaXqW.jpg.jpeg,F
S5IYURwf62.jpg.jpeg,F
s64WQzd0UC.jpg.jpeg,F
S65QtBpJBt.jpg.jpeg,F
s7NnoxVDCQ.jpg.jpeg,F
sa4dicRHFJ.jpg.jpeg,F
SApjMEDNko.jpg.jpeg,F
saWUakcfdO.jpg.jpeg,F
SbZNeMZphm.jpg.jpeg,F
SdFJQIsd7T.jpg.jpeg,F
sdti8UVUSp.jpg.jpeg,F
SJ5R71xNaP.jpg.jpeg,F
sJZdwjGgg0.jpg.jpeg,F
sk3YYgnUot.jpg.jpeg,F
sLrsW5TRyZ.jpg.jpeg,F
SlXIylIh4I.jpg.jpeg,F
Soh2BTK37M.jpg.jpeg,F
sSecJyjZKP.jpg.jpeg,F
SsmgHP7toK.jpg.jpeg,F
SSoJ7Ahm28.jpg.jpeg,F
stTBIAIOdg.jpg.jpeg,F
SVWzhSWqjH.jpg.jpeg,F
sVyhYy42Ag.jpg.jpeg,F
sW54Co6QI9.jpg.jpeg,F
sWnoCL4PXi.jpg.jpeg,F
sy3uAZlWRz.jpg.jpeg,F
syQv9isWvh.jpg.jpeg,F
SYz71KcsnQ.jpg.jpeg,F
SzCcSPoC7n.jpg.jpeg,F
szmfzJhfcq.jpg.jpeg,F
SzPOq0NDGj.jpg.jpeg,F
sZwItMwVNx.jpg.jpeg,F
sZY2clknhe.jpg.jpeg,F
t0QJDDthFU.jpg.jpeg,F
T4spwIWlLb.jpg.jpeg,F
t4w2lm0iRT.jpg.jpeg,F
t7TxJTQTVZ.jpg.jpeg,F
T9AKIFZ1dR.jpg.jpeg,F
taNLaXVrRi.jpg.jpeg,F
TcIhSPYAKu.jpg.jpeg,F
TcqBHMR6yR.jpg.jpeg,F
TDr86z3HJ4.jpg.jpeg,F
Te14hrI0kQ.jpg.jpeg,F
tezDoRGLmv.jpg.jpeg,F
tfZrOYdPeh.jpg.jpeg,F
TGo5Afv83N.jpg.jpeg,F
Th6aaFpWMV.jpg.jpeg,F
tIsmc7za2m.jpg.jpeg,F
TjDgo1yC3N.jpg.jpeg,F
tkQdIVYaEw.jpg.jpeg,F
Tkuhax1K4g.jpg.jpeg,F
tlI4Ubr12x.jpg.jpeg,F
TNt4IeSKk2.jpg.jpeg,F
to1OYNwhW4.jpg.jpeg,F
tPIMWsrULu.jpg.jpeg,F
TQcDprz4B8.jpg.jpeg,F
TqgpCkOZFd.jpg.jpeg,F
tQSP1HhUPj.jpg.jpeg,F
TRvxixQhbK.jpg.jpeg,F
tsJa3bo78Z.jpg.jpeg,F
TSua7eROfs.jpg.jpeg,F
ttQ2N62ACL.jpg.jpeg,F
tTqkxyDDIc.jpg.jpeg,F
TvdKcfnHBP.jpg.jpeg,F
tW3h3POGqk.jpg.jpeg,F
tWR2hANgTD.jpg.jpeg,F
TWxwbRPQ0e.jpg.jpeg,F
TYUZRzfCll.jpg.jpeg,F
TYvDKQUwMs.jpg.jpeg,F
tZEXWayfPd.jpg.jpeg,F
TZlLOyZCNz.jpg.jpeg,F
U0yESjRXjW.jpg.jpeg,F
U3oO3LsSKz.jpg.jpeg,F
U3sOun8Qkq.jpg.jpeg,F
U431436j29.jpg.jpeg,F
U4eCLNpzx1.jpg.jpeg,F
U67DYfdLYt.jpg.jpeg,F
u8No5YIGde.jpg.jpeg,F
uaAxJgayKa.jpg.jpeg,F
uc0xV1OXFf.jpg.jpeg,F
UcP70p5pqr.jpg.jpeg,F
UEAjA8fUAm.jpg.jpeg,F
UED02uErjv.jpg.jpeg,F
uEYOtOI5uI.jpg.jpeg,F
UFv3IWz5ve.jpg.jpeg,F
ugH9tDdqPP.jpg.jpeg,F
uHLihEuJF9.jpg.jpeg,F
UHQYm0CZbi.jpg.jpeg,F
uJtxFBjQDM.jpg.jpeg,F
UjUeOTdyrJ.jpg.jpeg,F
Uk01km5H9O.jpg.jpeg,F
ukk3pueQLj.jpg.jpeg,F
UNHIjYwTGI.jpg.jpeg,F
UnoI81G0Nm.jpg.jpeg,F
uONuXe4NKT.jpg.jpeg,F
usBoyGysi6.jpg.jpeg,F
Uu87lTKA7D.jpg.jpeg,F
uvuiwU4T7a.jpg.jpeg,F
UWthMRnkfX.jpg.jpeg,F
uX7bN8AWEM.jpg.jpeg,F
uxMTDaz9Lv.jpg.jpeg,F
UZoYE44wuX.jpg.jpeg,F
V2xNkjfOGw.jpg.jpeg,F
V49AXsyBUh.jpg.jpeg,F
V4Bv6o7EKh.jpg.jpeg,F
v4WSlYnhKG.jpg.jpeg,F
vB7z7lsRRT.jpg.jpeg,F
VBpAtb6yfU.jpg.jpeg,F
vcEPUjrPrl.jpg.jpeg,F
vchYKFsPuJ.jpg.jpeg,F
vcNcIvcaKD.jpg.jpeg,F
vdrjiqucoT.jpg.jpeg,F
veT6OM933q.jpg.jpeg,F
Vf6VD23mC9.jpg.jpeg,F
vGO7ZtpRvc.jpg.jpeg,F
VhPbnezATy.jpg.jpeg,F
Vi7X4sGJ7s.jpg.jpeg,F
ViNBzMJOL8.jpg.jpeg,F
Virmca83r1.jpg.jpeg,F
vIwUy2pxcH.jpg.jpeg,F
VIzjFdOSWW.jpg.jpeg,F
vJaq4ul2ha.jpg.jpeg,F
vk3JrnOZLl.jpg.jpeg,F
vKGPBg3TU5.jpg.jpeg,F
vKQZuAblAm.jpg.jpeg,F
vM3NFVx5X6.jpg.jpeg,F
VN9D8dlcnb.jpg.jpeg,F
vnGrf2NY7i.jpg.jpeg,F
vnV8UR7iok.jpg.jpeg,F
vOFwtSNHue.jpg.jpeg,F
vQQPMlmXdW.jpg.jpeg,F
VR4OfeblQ6.jpg.jpeg,F
vse2w7znq7.jpg.jpeg,F
VsneEy1JFG.jpg.jpeg,F
vt5CecuFDA.jpg.jpeg,F
VuzGbMpp69.jpg.jpeg,F
VV8BoN1wqj.jpg.jpeg,F
vvAmBdq5E0.jpg.jpeg,F
VXeFbEWAeW.jpg.jpeg,F
vy4u1rjfVb.jpg.jpeg,F
vyo7sJtDb5.jpg.jpeg,F
vz4EViH16I.jpg.jpeg,F
vZKsPTQe7c.jpg.jpeg,F
w1snWURvjX.jpg.jpeg,F
W62bZktXxb.jpg.jpeg,F
w7HLurp8k9.jpg.jpeg,F
w8vY3Fgsam.jpg.jpeg,F
W9rSqmNmtv.jpg.jpeg,F
WAHL3auczk.jpg.jpeg,F
WCKtCd469t.jpg.jpeg,F
WCuXoQAj7X.jpg.jpeg,F
wdDo994G73.jpg.jpeg,F
wdIZsqFvr6.jpg.jpeg,F
we288K4KnQ.jpg.jpeg,F
wFtdUBeXmN.jpg.jpeg,F
wFWqJi9Bzs.jpg.jpeg,F
wgHAkT44tc.jpg.jpeg,F
WGQmqja8O4.jpg.jpeg,F
wGuFDJqPbl.jpg.jpeg,F
Wh46fAy1Iv.jpg.jpeg,F
WilAr25rxt.jpg.jpeg,F
WJzmhOucKT.jpg.jpeg,F
WkGN9voCHN.jpg.jpeg,F
wlgoqAilgB.jpg.jpeg,F
WMcUgwXHFI.jpg.jpeg,F
wmyL4RneKr.jpg.jpeg,F
WNFDtfoXUe.jpg.jpeg,F
wnxsH0SGTK.jpg.jpeg,F
wOeF8qbQlW.jpg.jpeg,F
wOmO9EdE6n.jpg.jpeg,F
wOrGF5KEEa.jpg.jpeg,F
WpkfBPHmmT.jpg.jpeg,F
WQ24wsFW1N.jpg.jpeg,F
WQADmwEdj9.jpg.jpeg,F
WQTNiKSk4R.jpg.jpeg,F
wRBqpwT9WE.jpg.jpeg,F
WRok8ZX6f8.jpg.jpeg,F
wRSYqNA6WG.jpg.jpeg,F
wSd91IRaOw.jpg.jpeg,F
wSLTiwCbA5.jpg.jpeg,F
WTNV3VOkxd.jpg.jpeg,F
WtTnhiFKA4.jpg.jpeg,F
wuQQKptDyQ.jpg.jpeg,F
wVXOQI0iR0.jpg.jpeg,F
WwgQPef9ST.jpg.jpeg,F
WWSiNoFMMb.jpg.jpeg,F
WxAvrsi3vH.jpg.jpeg,F
WXgtfO0PQ2.jpg.jpeg,F
WybWO88Lcb.jpg.jpeg,F
wyKVk3GuoX.jpg.jpeg,F
wyp8zuiS8V.jpg.jpeg,F
wZEFs0F57s.jpg.jpeg,F
X0VaBedzx6.jpg.jpeg,F
x5qIljkOMR.jpg.jpeg,F
X7gd1h5sMR.jpg.jpeg,F
X7skTxcZSY.jpg.jpeg,F
x7YdPWDwOH.jpg.jpeg,F
x83E8VkAn4.jpg.jpeg,F
x8lwV0MdtC.jpg.jpeg,F
x9o0HcoPPE.jpg.jpeg,F
XA9DEV3xtK.jpg.jpeg,F
xAAaXe9ily.jpg.jpeg,F
XAMW30uIwM.jpg.jpeg,F
xB9QTdkjmS.jpg.jpeg,F
XBW9FPVOfW.jpg.jpeg,F
xCr4zR8dFz.jpg.jpeg,F
xdTIpZeDqQ.jpg.jpeg,F
Xeh48DRlmI.jpg.jpeg,F
xfoI6xiSCh.jpg.jpeg,F
XG7vvuQz0D.jpg.jpeg,F
XgeuKNOI2C.jpg.jpeg,F
XGVw3zJuxa.jpg.jpeg,F
XgXaVGpvYQ.jpg.jpeg,F
XkZoyt7zBJ.jpg.jpeg,F
XlAnCbWkYE.jpg.jpeg,F
XlBA4U6rgY.jpg.jpeg,F
XLVtgwii1L.jpg.jpeg,F
xM70nvwBkG.jpg.jpeg,F
xmIYaFBBBi.jpg.jpeg,F
XnOLVUdiSG.jpg.jpeg,F
Xoa6oPTnth.jpg.jpeg,F
XowGwVk2IE.jpg.jpeg,F
Xpgwrdxt6K.jpg.jpeg,F
xQrlAcj35u.jpg.jpeg,F
XRKK0d8887.jpg.jpeg,F
XRyMIYNLoP.jpg.jpeg,F
xT2jyBpHCM.jpg.jpeg,F
XTk2fUoHqC.jpg.jpeg,F
xTVxtHfc8z.jpg.jpeg,F
Xucl8kWEDL.jpg.jpeg,F
XuCsUFMRVM.jpg.jpeg,F
xVmkCJAT6p.jpg.jpeg,F
XWzx67LOUZ.jpg.jpeg,F
xxfGobqzUz.jpg.jpeg,F
XxurBbjC8v.jpg.jpeg,F
XY4Ow8CyPx.jpg.jpeg,F
xyFuzXC6nI.jpg.jpeg,F
xyL9lCakWL.jpg.jpeg,F
xyPAWsMfZi.jpg.jpeg,F
Xz3QebH999.jpg.jpeg,F
xZgxyrWUAG.jpg.jpeg,F
xZjjjrajn9.jpg.jpeg,F
y0aVKssfZB.jpg.jpeg,F
y2hwVlB7OI.jpg.jpeg,F
y2sic4OfkQ.jpg.jpeg,F
y50JN7eADL.jpg.jpeg,F
y5lMMrfWZp.jpg.jpeg,F
Y6GBVJv3MC.jpg.jpeg,F
y6jIq3OPsX.jpg.jpeg,F
y9zE1dkmkm.jpg.jpeg,F
yBCvEBqK16.jpg.jpeg,F
ybo0I9k58C.jpg.jpeg,F
ydKxuQx0PV.jpg.jpeg,F
YDO7TDm89j.jpg.jpeg,F
ydSHXkqZo2.jpg.jpeg,F
yFv385jYH9.jpg.jpeg,F
YGNraomkFH.jpg.jpeg,F
yJhBuDzC8K.jpg.jpeg,F
yjQzlfpddl.jpg.jpeg,F
yjY8j1hcpj.jpg.jpeg,F
YK0rYtHIDl.jpg.jpeg,F
YKGu15UirF.jpg.jpeg,F
YkhAJdVhpx.jpg.jpeg,F
YLBaydYG1p.jpg.jpeg,F
yLftt7uE8g.jpg.jpeg,F
ylQ7jS1Wrl.jpg.jpeg,F
ylXqQ3JGbS.jpg.jpeg,F
YM2Oj9yTTv.jpg.jpeg,F
yMlXf2QNtS.jpg.jpeg,F
yMtMUzVNhr.jpg.jpeg,F
YmttGOoeKi.jpg.jpeg,F
ynDH99LyTu.jpg.jpeg,F
ynM1VwNCYv.jpg.jpeg,F
Yomder8DuA.jpg.jpeg,F
yp9EyXySBl.jpg.jpeg,F
ypANIf2CuJ.jpg.jpeg,F
YPFzcGD1s6.jpg.jpeg,F
yPoC2W5U8K.jpg.jpeg,F
yQWLRrYgvj.jpg.jpeg,F
yrBiIRWgbU.jpg.jpeg,F
YRY6GascMf.jpg.jpeg,F
YrzT6AETQg.jpg.jpeg,F
yTx9zld3sY.jpg.jpeg,F
YufuegeY3T.jpg.jpeg,F
YUmQsxYp1F.jpg.jpeg,F
YuzltPvoVF.jpg.jpeg,F
YvHtMbXMjH.jpg.jpeg,F
YWUaSJexsx.jpg.jpeg,F
YXr7EEoUzS.jpg.jpeg,F
yY9JG2rjFj.jpg.jpeg,F
yy9xEOpmvh.jpg.jpeg,F
Z22XdqOaLg.jpg.jpeg,F
z3A8lDMQ47.jpg.jpeg,F
z6EM4LaOZM.jpg.jpeg,F
Z70l4SMkIC.jpg.jpeg,F
zAm5hMJziX.jpg.jpeg,F
ZAP2ihSjot.jpg.jpeg,F
zaYNULWupG.jpg.jpeg,F
ZCu1obRNa3.jpg.jpeg,F
ZdjvcfOHcq.jpg.jpeg,F
ZdmoqpLOXC.jpg.jpeg,F
Zf5GWRUrYh.jpg.jpeg,F
zgxLkXPpE7.jpg.jpeg,F
ZJ84pitDOf.jpg.jpeg,F
zjJm9ZHsjh.jpg.jpeg,F
zJNfv2OkuJ.jpg.jpeg,F
zKBQ0aJJja.jpg.jpeg,F
zkqVVp6cXI.jpg.jpeg,F
ZMBpU9LZUa.jpg.jpeg,F
ZmLPYlM7Xg.jpg.jpeg,F
Zn3atWHeA8.jpg.jpeg,F
Zoify0JEOM.jpg.jpeg,F
Zouee9Y6bj.jpg.jpeg,F
zp5ZcyImDH.jpg.jpeg,F
zPfpCR9Nuq.jpg.jpeg,F
ZQqDCiwYBP.jpg.jpeg,F
ZQRVSWkaS5.jpg.jpeg,F
zrbzCgt3qz.jpg.jpeg,F
ZrrnuLC5hu.jpg.jpeg,F
Zt8MQO7Pkg.jpg.jpeg,F
ZVYlSyNcir.jpg.jpeg,F
zYgwbrCS62.jpg.jpeg,F
ZYQzXXq9mc.jpg.jpeg,F
ZytoGBZqwn.jpg.jpeg,F
zzO1gGA7bW.jpg.jpeg,F